"Guid","Name","SBQQ__MethodName__c","SBQQ__Version__c"
035a158b-116c-4c97-8db9-d4970152a65f,a2XDo000000MS58,enableFlagToPreventBackdatedAmendments,228.7
05fd82f9-a30a-4b4c-a03f-332cbe24c9ef,a2XDo000000MS5I,SBQQ.BatchableDSExclusionGenerator,228.7
0a895762-455e-413c-9df9-bc4c42c96ed6,a2XDo000000MS5E,SBQQ.InstallProcessorBatchQLIPriceBookEntry,228.7
0f922671-7f73-4c01-818b-5e20920f843d,a2XDo000000MS5C,CalculatorReferencedFieldRemover,228.7
10f32d40-ef13-47f3-ba20-a0a335f76d78,a2XDo000000MS5D,SBQQ.BatchablePluginTranspileUtil,228.7
12cee4ce-a173-4e10-af4c-0ce435600f54,a2XDo000000MS59,createAddRecommendedProductsAction,228.7
197819be-efb2-4ef4-9051-80e21ea60dcc,a2XDo000000MS5U,SBQQ.RootIdSetterParentSubscriptions,228.7
255536a0-36be-43b0-b7b4-84587f50bf87,a2XDo000000MS5P,SBQQ.PriceRuleRefFieldGenerator,228.7
2bc21907-898d-4cb0-ae3d-2352191996c8,a2XDo000000MS55,createAmendSubscriptionsCustomQleAction,228.7
2fb2fbb4-f64f-4d8e-9ee5-f513cd3e5492,a2XDo000000MS5M,updateOIsWithAssetsContractsSubs,228.7
3595acc0-9710-45a3-a987-240dc701bf22,a2XDo000000MS5H,SBQQ.InstallProcessorBatchLocalizationIndex,228.7
3e583114-9c06-42d4-ae52-db20a966b5db,a2XDo000000MS5B,SBQQ.InstallProcessorBatchQuantityEditable,228.7
4418bedf-0911-45d7-b9f3-68fe6ececc2c,a2XDo000000MS5A,SBQQ.InstallProcessorBatchRegularPrice,228.7
4711caca-736a-48e6-8347-02a64419817f,a2XDo000000MS57,createConfiguratorEditRulesAction,228.7
57c20e14-295a-4f64-9f31-c9654fc85e61,a2XDo000000MS5V,SBQQ.RootIdSetterParentAssets,228.7
57f9fc34-95c0-4880-86b0-12cd96361190,a2XDo000000MS5S,SBQQ.ProductRefFieldGenerator,228.7
62c98aed-00e5-4ad5-9b23-4670e73ea08b,a2XDo000000MS52,createCustomActionsOnQLE,228.7
64e7f531-d8d0-4646-bb0b-9c14adae5677,a2XDo000000MS5F,SBQQ.InstallProcessorBatchRequiredByAsset,228.7
66a3f123-8296-4a98-899d-58430a040b99,a2XDo000000MS56,viewPricingGuidanceLineAction,228.7
680cab0b-53db-46e2-ac45-ae98e79cfba8,a2XDo000000MS5Q,SBQQ.InstallProcessorBatchHasCS,228.7
7aefb851-a06b-4a57-8acd-fe86a1a22461,a2XDo000000MS5K,SBQQ.InstallProcessorBatchAssetCombineKey,228.7
80c17435-fdcf-472b-bf1e-bf4223d11acc,a2XDo000000MS5G,SBQQ.ReferencedFieldRemover,228.7
a9b6995a-9b79-439c-9a9d-e6deb1c0b383,a2XDo000000MS5R,SBQQ.CustomActionRefFieldGenerator,228.7
b11651db-e406-4859-9594-7d0f02f261ef,a2XDo000000MS5N,SBQQ.SummaryVarRefFieldGenerator,228.7
b60f8436-aec5-487b-b513-c01585685c84,a2XDo000000MS5T,SBQQ.BatchableConfigAttrReferencedFieldUtil,228.7
b62ab8de-d2f8-4c7e-952f-ab3474eb1853,a2XDo000000MS5L,SBQQ.DiscountScheduleRefFieldGenerator,228.7
bafd1a6b-7316-46b6-9f4e-54a1d4a0733d,a2XDo000000MS5X,SBQQ.RootIdSetterChildAssets,228.7
d3bac0e9-f802-4f7c-91f5-b79424851218,a2XDo000000MS5W,SBQQ.RootIdSetterChildSubscriptions,228.7
d452e488-6234-4a37-8402-120da087967f,a2XDo000000MS5J,SBQQ.InstallProcessorBatchThemeGenerator,228.7
dda02782-b12d-4a82-8803-9649583b0041,a2XDo000000MS5O,SBQQ.ProductRuleRefFieldGenerator,228.7
e486d9ce-e129-4649-a71b-6632156d0015,a2XDo000000MS54,createExternalConfiguratorCustomAction,228.7
f859a306-cd6d-4f9b-9513-e0021ad6e287,a2XDo000000MS53,createViewConsumptionScheduleLineAction,228.7
